unix_time,gpu_util_percent,memory_util_percent,memory_used_mib,power_watts,temperature_c
1790499348.441,2,1,1819,68.61,40
1790499351.485,2,0,1819,68.70,40
1790499354.543,2,1,1820,69.14,40
1790499357.586,3,1,2500,70.16,40
1790499360.624,2,1,2500,68.81,40
1790499363.671,2,1,2500,68.49,40
1790499366.717,2,1,2501,68.84,40
1790499369.759,3,1,2500,69.82,40
1790499372.804,2,1,2501,68.64,40
1790499375.85,2,1,2501,69.11,40
1790499378.901,2,1,2507,69.27,40
1790499381.943,2,1,2510,69.04,40
1790499384.992,57,18,8682,231.05,45
1790499388.052,52,22,8681,229.40,47
1790499391.093,62,23,8679,231.37,47
1790499394.135,61,22,8679,231.86,49
1790499397.181,27,4,8729,117.42,44
1790499400.235,65,25,8730,236.46,48
1790499403.308,61,23,8729,240.66,49
1790499406.359,54,21,8729,235.51,48
1790499409.396,60,26,8729,232.14,49
1790499412.456,24,5,8729,185.01,47
1790499415.497,63,21,8730,205.50,49
1790499418.552,55,21,8730,234.06,49
1790499421.622,59,25,8730,241.62,50
1790499424.697,55,22,8729,237.30,52
1790499427.761,29,5,8729,199.79,49
1790499430.806,48,19,8729,189.39,50
1790499433.864,49,19,8729,234.11,51
1790499436.903,56,23,8730,242.57,53
1790499439.953,57,21,8730,242.95,51
1790499442.994,63,25,8723,242.60,52
1790499446.053,59,23,8729,138.26,50
1790499449.104,56,22,8729,238.30,53
1790499452.153,64,25,8729,241.88,52
1790499455.209,55,22,8723,240.09,52
1790499458.257,49,20,8731,239.66,53
1790499461.312,63,27,8724,156.25,52
1790499464.355,50,18,8731,235.53,53
1790499467.405,65,25,8732,243.38,55
1790499470.459,60,23,8731,241.72,54
1790499473.506,57,24,8731,245.14,56
1790499476.555,2,1,8730,114.14,50
1790499479.61,64,23,8731,243.27,55
1790499482.662,57,24,8729,245.88,56
1790499485.717,66,26,8729,246.59,56
1790499488.76,56,24,8728,242.60,56
1790499491.814,68,26,8723,131.34,53
1790499494.86,71,28,8723,251.70,56
1790499497.9,54,22,8729,242.55,56
1790499500.948,55,19,8729,244.24,56
1790499504.01,55,22,8723,247.72,57
1790499507.07,62,26,8729,150.13,56
1790499510.13,62,22,8729,244.24,57
1790499513.196,65,26,8729,243.34,59
1790499516.24,61,21,8729,247.08,58
1790499519.294,60,22,8729,244.85,58
1790499522.341,5,1,8739,124.04,53
1790499525.386,58,24,8733,248.39,59
1790499528.459,67,26,8735,245.64,58
1790499531.504,60,23,8731,249.39,58
1790499534.561,57,22,8732,247.69,59
1790499537.606,8,1,8731,123.25,54
1790499540.657,61,24,8732,246.56,59
1790499544.464,63,22,8735,243.29,60
1790499547.521,64,23,8735,242.29,59
1790499550.58,62,21,8760,242.95,60
1790499553.629,54,22,8729,140.36,58
1790499556.68,64,25,8729,247.23,58
1790499559.727,46,22,8749,245.19,58
1790499562.788,50,19,8753,246.78,58
1790499565.831,61,21,8748,251.11,58
1790499568.894,22,1,8736,128.85,55
1790499571.943,53,21,8736,246.10,58
1790499574.992,62,26,8755,246.80,58
1790499578.054,63,22,8731,250.44,58
1790499581.116,66,21,8844,244.18,59
1790499584.158,35,5,8833,130.89,55
1790499587.22,68,28,9008,247.39,58
1790499590.287,61,21,9052,244.96,58
1790499593.334,63,24,8918,247.63,58
1790499596.39,54,22,8888,235.32,59
1790499599.433,24,4,8894,130.70,56
1790499602.499,58,21,8893,247.48,59
1790499605.555,61,24,8890,247.06,58
1790499608.597,60,21,8864,248.27,59
1790499611.67,60,26,8863,248.14,59
1790499614.716,30,3,8863,129.27,55
1790499617.769,48,21,8862,250.92,58
1790499620.821,56,23,8910,243.22,58
1790499623.883,60,22,8910,249.33,58
1790499626.939,64,27,8910,249.36,59
1790499629.988,32,4,9000,151.30,55
1790499633.04,58,23,8999,243.66,57
1790499636.109,58,21,8998,248.79,60
1790499639.154,64,25,8987,250.85,58
1790499642.22,59,20,8878,244.38,59
1790499645.271,29,4,8904,156.89,55
1790499648.32,66,26,8876,242.59,58
1790499651.371,54,21,8866,245.80,59
1790499654.416,59,24,8866,250.13,60
1790499657.464,50,21,8868,245.41,59
1790499660.53,25,2,8899,189.46,55
1790499663.587,45,20,8979,244.07,58
1790499666.638,60,26,8895,245.90,58
1790499669.684,45,20,8871,235.01,57
1790499672.742,63,24,8888,250.33,60
1790499675.791,23,3,8897,181.70,55
1790499678.833,62,22,8884,249.35,58
1790499681.902,60,26,8896,247.42,57
1790499684.948,52,22,8892,246.37,58
1790499687.992,61,21,8878,250.93,58
1790499691.041,29,2,8874,206.01,55
1790499694.09,57,23,8935,222.60,57
1790499697.921,55,20,8958,249.35,58
1790499700.966,56,22,8969,248.91,59
1790499704.027,50,21,8975,242.44,59
1790499707.095,27,4,8973,142.67,55
1790499710.147,58,22,8959,250.67,59
1790499713.205,60,24,8883,250.50,58
1790499716.263,61,23,8969,246.40,59
1790499719.304,67,26,8923,248.56,59
1790499722.355,24,4,8935,155.50,55
1790499725.4,57,23,8875,251.32,59
1790499728.445,50,18,8844,246.54,58
1790499731.498,56,21,8809,249.31,59
1790499734.542,64,26,8772,249.55,59
1790499737.589,25,4,8820,190.94,55
1790499740.63,63,23,8811,246.15,59
1790499743.699,68,26,8790,249.10,58
1790499746.759,59,23,8785,248.48,58
1790499749.804,60,25,8785,249.98,57
1790499752.844,25,3,8785,202.14,55
1790499755.916,63,25,8785,227.57,57
1790499758.987,56,23,8787,242.94,58
1790499762.043,62,24,8788,255.79,57
1790499765.114,57,21,8788,245.14,57
1790499768.159,29,5,8874,197.52,55
1790499771.222,60,25,8871,226.82,57
1790499774.293,61,22,8866,247.70,58
1790499777.357,55,23,8866,248.53,57
1790499780.428,63,26,8811,250.08,58
1790499783.476,66,26,8811,248.82,57
1790499786.528,67,26,8810,154.57,58
1790499789.579,65,25,8810,249.76,58
1790499792.643,61,24,8855,239.94,58
1790499795.69,57,19,9005,241.35,58
1790499798.745,63,23,8854,243.70,58
1790499801.81,64,24,8860,134.78,57
1790499804.868,58,22,8848,241.73,58
1790499807.929,57,23,8868,244.93,58
1790499810.983,60,23,8859,242.03,59
1790499814.043,59,22,8850,242.23,59
1790499817.1,27,4,8851,129.99,55
1790499820.162,55,21,8861,242.45,59
1790499823.215,58,24,8855,243.82,58
1790499826.26,63,25,8845,245.25,58
1790499829.307,65,27,8847,245.69,58
1790499832.356,31,4,8846,129.41,55
1790499835.401,54,20,8845,245.49,57
1790499838.467,59,24,8845,240.42,58
1790499841.522,57,23,8893,246.20,58
1790499844.567,62,25,8852,245.32,58
1790499847.617,27,4,8844,128.89,54
1790499850.671,54,19,8850,242.89,59
1790499854.508,62,22,8848,251.89,58
1790499857.551,64,22,8847,241.84,59
1790499860.603,49,19,8849,246.51,58
1790499863.654,4,1,8848,116.71,53
